entry_time,exit_time,direction,entry_price,exit_price,entry_underlying,exit_underlying,pnl,exit_reason,strike,confidence,reason,0dte_permission,theoretical_entry_price,theoretical_exit_price,commissions,risk,r_multiple,entry_hour,entry_minute,entry_time_of_day,date
2024-04-15 10:00:00-04:00,2024-04-15 10:35:00-04:00,SHORT,2.1686352006620724,4.040547777756842,514.565,511.655,187.191257709477,TP,515.0,HIGH,Bearish trend; Micro trend down; Price below VWAP; Negative 5-bar return; High quality trading window,FAVORABLE,,,,216.86352006620723,0.8631754093649708,10,0,600,2024-04-15
2024-04-15 10:40:00-04:00,2024-04-15 13:15:00-04:00,SHORT,2.2956996264087217,4.428494842962209,512.095,508.735,213.27952165534873,TP,513.0,HIGH,Bearish trend; Micro trend down; Price below VWAP; Negative 5-bar return; High quality trading window,FAVORABLE,,,,229.56996264087218,0.9290393185670923,10,40,640,2024-04-15
2024-04-15 13:30:00-04:00,2024-04-15 15:15:00-04:00,SHORT,1.6765483728466934,3.309652079214832,506.18,503.71,162.06037063681384,TP,507.0,HIGH,Bearish trend; Micro trend down; Price below VWAP; Negative 5-bar return; High quality trading window,FAVORABLE,1.7665543152064629,3.3063457334813506,1.25,167.65483728466936,0.966631045435591,13,30,810,2024-04-15
2024-04-25 10:00:00-04:00,2024-04-25 11:20:00-04:00,SHORT,1.895929444095584,1.0678893952990904,497.83,499.465,-82.80400487964937,SL,498.0,HIGH,Bearish trend; Micro trend down; Price below VWAP; Negative 5-bar return; High quality trading window,FAVORABLE,,,,189.5929444095584,-0.4367462361931374,10,0,600,2024-04-25
2024-04-25 13:30:00-04:00,2024-04-25 15:30:00-04:00,LONG,1.8861780935098176,2.841632052728603,501.905,503.825,94.29539592187854,EOD,501.0,HIGH,Micro trend up; Price above VWAP; Positive 5-bar return; High quality trading window; 0DTE FAVORABLE (volatile),FAVORABLE,1.7945655235334357,2.844476529257861,1.25,188.61780935098176,0.49992838028572795,13,30,810,2024-04-25
2024-05-01 10:00:00-04:00,2024-05-01 13:30:00-04:00,SHORT,2.0759257371376614,1.2027874272692998,500.375,501.02,-87.31383098683617,SL,501.0,HIGH,Bearish trend; Micro trend down; Price below VWAP; Negative 5-bar return; High quality trading window,FAVORABLE,,,,207.59257371376614,-0.42060190027426836,10,0,600,2024-05-01
2024-05-01 14:25:00-04:00,2024-05-01 14:40:00-04:00,LONG,1.1119171205660694,3.7058689686497437,503.125,506.64,258.1451848083674,TP,503.0,HIGH,Micro trend up; Price above VWAP; Positive 5-bar return; Afternoon breakout window - boosted confidence; 0DTE FAVORABLE (volatile),FAVORABLE,1.0579107754779216,3.7095785471969407,1.25,111.19171205660695,2.321622538530097,14,25,865,2024-05-01
2024-07-24 10:00:00-04:00,2024-07-24 14:40:00-04:00,SHORT,2.2414517724451177,4.338177818499919,546.27,542.68,208.42260460548016,TP,547.0,HIGH,Bearish trend; Micro trend down; Price below VWAP; Negative 5-bar return; High quality trading window,FAVORABLE,2.3617847030663484,4.333843974525394,1.25,224.14517724451179,0.9298554051784017,10,0,600,2024-07-24
2024-07-25 10:00:00-04:00,2024-07-25 10:40:00-04:00,SHORT,2.4333593295737543,1.2684709707647244,538.58,541.305,-116.488835880903,SL,539.0,HIGH,Bearish trend; Micro trend down; Price below VWAP; Negative 5-bar return; High quality trading window,FAVORABLE,,,,243.33593295737543,-0.4787161290367587,10,0,600,2024-07-25
2024-07-25 10:55:00-04:00,2024-07-25 13:00:00-04:00,LONG,2.8213788274710936,5.078664643717104,542.8,546.75,225.72858162460108,TP,542.0,HIGH,Micro trend up; Price above VWAP; Positive 5-bar return; High quality trading window; 0DTE FAVORABLE (volatile),FAVORABLE,,,,282.13788274710936,0.8000647748070399,10,55,655,2024-07-25
2024-07-30 10:00:00-04:00,2024-07-30 11:00:00-04:00,SHORT,2.3775320186159687,4.597263438560049,545.31,541.93,221.973141994408,TP,546.0,HIGH,Bearish trend; Micro trend down; Price below VWAP; Negative 5-bar return; High quality trading window,FAVORABLE,,,,237.75320186159686,0.9336284022943467,10,0,600,2024-07-30
2024-07-30 11:00:00-04:00,2024-07-30 12:55:00-04:00,SHORT,1.8842331359080113,3.482933091644327,541.93,538.97,159.86999557363154,TP,542.0,HIGH,Bearish trend; Micro trend down; Price below VWAP; Negative 5-bar return; High quality trading window,FAVORABLE,,,,188.42331359080114,0.8484618624254808,11,0,660,2024-07-30
2024-07-30 13:30:00-04:00,2024-07-30 14:05:00-04:00,SHORT,1.7293021321755628,0.9614556585197533,540.19,541.55,-76.78464736558095,SL,541.0,HIGH,Bearish trend; Micro trend down; Price below VWAP; High quality trading window; 0DTE FAVORABLE (volatile),FAVORABLE,,,,172.9302132175563,-0.44402100672241346,13,30,810,2024-07-30
2024-08-01 10:00:00-04:00,2024-08-01 10:25:00-04:00,SHORT,2.3568352379292206,4.743638545442479,553.3,549.815,238.6803307513259,TP,554.0,HIGH,Bearish trend; Price below VWAP; Negative 5-bar return; High quality trading window; 0DTE FAVORABLE (volatile),FAVORABLE,,,,235.68352379292205,1.0127153859131746,10,0,600,2024-08-01
2024-08-01 10:25:00-04:00,2024-08-01 11:00:00-04:00,SHORT,2.0171852954259593,4.35763939526538,549.815,546.2,234.0454099839421,TP,550.0,HIGH,Bearish trend; Micro trend down; Price below VWAP; Negative 5-bar return; High quality trading window,FAVORABLE,,,,201.71852954259592,1.1602573671077643,10,25,625,2024-08-01
2024-08-01 11:00:00-04:00,2024-08-01 13:05:00-04:00,SHORT,2.2164325378902334,4.473412744575285,546.2,542.72,225.69802066850514,TP,547.0,HIGH,Bearish trend; Micro trend down; Price below VWAP; Negative 5-bar return; High quality trading window,FAVORABLE,,,,221.64325378902333,1.018294113672151,11,0,660,2024-08-01
2024-08-01 13:30:00-04:00,2024-08-01 14:30:00-04:00,SHORT,1.2905253464726791,2.388684016634302,541.98,539.925,108.56586701616229,TP,542.0,HIGH,Bearish trend; Micro trend down; Price below VWAP; Negative 5-bar return; High quality trading window,FAVORABLE,1.3598075406698058,2.3862977189153867,1.25,129.05253464726792,0.8412532718779937,13,30,810,2024-08-01
2024-08-02 10:00:00-04:00,2024-08-02 10:10:00-04:00,SHORT,2.539888253806004,5.091478381956904,533.85,529.89,255.15901281508997,TP,534.0,HIGH,Bearish trend; Price below VWAP; Negative 5-bar return; High quality trading window; 0DTE FAVORABLE (volatile); High IV (elevated volatility),FAVORABLE,,,,253.98882538060042,1.0046072398371702,10,0,600,2024-08-02
2024-08-02 10:10:00-04:00,2024-08-02 11:40:00-04:00,SHORT,2.468723336547281,1.3610399743215282,529.89,531.98,-110.76833622257527,SL,530.0,HIGH,Bearish trend; Micro trend down; Price below VWAP; Negative 5-bar return; High quality trading window; High IV (elevated volatility),FAVORABLE,,,,246.8723336547281,-0.44868671423300993,10,10,610,2024-08-02
2024-08-02 13:45:00-04:00,2024-08-02 14:25:00-04:00,SHORT,1.9965189586155376,0.9967955512106244,530.06,531.76,-99.97234074049133,SL,531.0,HIGH,Bearish trend; Micro trend down; Price below VWAP; Negative 5-bar return; Afternoon transition (1:45-2:15) - reduced confidence; 0DTE FAVORABLE (volatile); High IV (elevated volatility),FAVORABLE,,,,199.65189586155375,-0.5007332402684319,13,45,825,2024-08-02
2024-08-05 10:00:00-04:00,2024-08-05 10:20:00-04:00,LONG,3.371376325228118,1.6785462388122596,519.45,516.18,-169.28300864158584,SL,519.0,HIGH,Micro trend up; Price above VWAP; Positive 5-bar return; High quality trading window; 0DTE FAVORABLE (volatile); High IV (elevated volatility),FAVORABLE,,,,337.13763252281177,-0.5021184000576727,10,0,600,2024-08-05
2024-08-05 10:25:00-04:00,2024-08-05 10:50:00-04:00,SHORT,2.7776033257080748,1.178874430018567,514.68,518.88,-159.87288956895077,SL,515.0,HIGH,Bearish trend; Price below VWAP; Negative 5-bar return; High quality trading window; 0DTE FAVORABLE (volatile); High IV (elevated volatility),FAVORABLE,,,,277.76033257080746,-0.5755785503612022,10,25,625,2024-08-05
2024-08-06 10:00:00-04:00,2024-08-06 15:30:00-04:00,LONG,4.89900516603682,4.694626245441752,522.71,526.6,-21.68789205950679,EOD,522.0,HIGH,Micro trend up; Price above VWAP; Positive 5-bar return; High quality trading window; 0DTE FAVORABLE (volatile); High IV (elevated volatility),FAVORABLE,4.66105814760175,4.699325571012764,1.25,489.900516603682,-0.04426999222181222,10,0,600,2024-08-06
2024-08-07 10:00:00-04:00,2024-08-07 11:40:00-04:00,LONG,3.4960094659842387,2.0955806817981966,530.22,528.65,-140.0428784186042,SL,530.0,HIGH,Micro trend up; Price above VWAP; Positive 5-bar return; High quality trading window; 0DTE FAVORABLE (volatile); High IV (elevated volatility),FAVORABLE,,,,349.6009465984239,-0.4005792312097692,10,0,600,2024-08-07
2024-08-07 13:30:00-04:00,2024-08-07 14:05:00-04:00,SHORT,2.2276280270389273,4.367537919581878,524.35,521.065,213.99098925429504,TP,525.0,HIGH,Bearish trend; Micro trend down; Price below VWAP; High quality trading window; 0DTE FAVORABLE (volatile); High IV (elevated volatility),FAVORABLE,,,,222.76280270389273,0.9606226293477839,13,30,810,2024-08-07
2024-08-07 14:05:00-04:00,2024-08-07 15:30:00-04:00,SHORT,2.1388521281471884,1.521084237094258,521.065,520.945,-63.02678910529303,EOD,522.0,HIGH,Bearish trend; Micro trend down; Price below VWAP; Negative 5-bar return; Afternoon transition (1:45-2:15) - reduced confidence; 0DTE FAVORABLE (volatile); High IV (elevated volatility),FAVORABLE,2.2536769697562704,1.5195646724218363,1.25,213.88521281471884,-0.29467576685579894,14,5,845,2024-08-07
2024-08-08 10:00:00-04:00,2024-08-08 15:30:00-04:00,LONG,3.9767620977247806,3.113460167988135,526.275,528.94,-87.58019297366458,EOD,526.0,HIGH,Micro trend up; Price above VWAP; Positive 5-bar return; High quality trading window; 0DTE FAVORABLE (volatile); High IV (elevated volatility),FAVORABLE,3.783608865158442,3.1165767447328676,1.25,397.67620977247805,-0.22022990267326203,10,0,600,2024-08-08
2024-09-03 10:00:00-04:00,2024-09-03 14:00:00-04:00,SHORT,2.2948058324683784,4.558177947945069,557.34,553.51,226.33721154766903,TP,558.0,HIGH,Micro trend down; Price below VWAP; Negative 5-bar return; High quality trading window; 0DTE FAVORABLE (volatile),FAVORABLE,,,,229.48058324683785,0.9863022323950271,10,0,600,2024-09-03
2024-09-03 14:15:00-04:00,2024-09-03 15:30:00-04:00,SHORT,1.4976686888413018,1.9014826937232514,553.18,552.18,39.13140048819496,EOD,554.0,HIGH,Micro trend down; Price below VWAP; Negative 5-bar return; Afternoon breakout window - boosted confidence; 0DTE FAVORABLE (volatile),FAVORABLE,1.5780714281031578,1.8995831106126388,1.25,149.7668688841302,0.26128208982234696,14,15,855,2024-09-03
2024-09-06 10:00:00-04:00,2024-09-06 10:40:00-04:00,SHORT,2.876677320139666,6.174275048961647,547.665,542.6,329.7597728821981,TP,548.0,HIGH,Bearish trend; Micro trend down; Price below VWAP; Negative 5-bar return; High quality trading window; High IV (elevated volatility),FAVORABLE,,,,287.6677320139666,1.1463217322761383,10,0,600,2024-09-06
2024-09-06 10:40:00-04:00,2024-09-06 15:30:00-04:00,SHORT,2.73227042988322,2.245367044110234,542.6,540.925,-49.94033857729859,EOD,543.0,HIGH,Bearish trend; Micro trend down; Price below VWAP; Negative 5-bar return; High quality trading window; High IV (elevated volatility),FAVORABLE,2.878953089808988,2.243123920190044,1.25,273.227042988322,-0.18277963275924006,10,40,640,2024-09-06
2024-09-11 10:00:00-04:00,2024-09-11 10:30:00-04:00,SHORT,2.74575629920773,5.133734551351779,544.255,540.66,238.79782521440492,TP,545.0,HIGH,Bearish trend; Micro trend down; Price below VWAP; Negative 5-bar return; High quality trading window,FAVORABLE,,,,274.575629920773,0.8696978143446615,10,0,600,2024-09-11
2024-09-11 10:30:00-04:00,2024-09-11 11:30:00-04:00,SHORT,2.4275254614487363,1.4332171353633498,540.66,542.685,-99.43083260853865,SL,541.0,HIGH,Bearish trend; Micro trend down; Price below VWAP; Negative 5-bar return; High quality trading window,FAVORABLE,,,,242.75254614487363,-0.4095974859485048,10,30,630,2024-09-11
2024-09-11 13:30:00-04:00,2024-09-11 14:40:00-04:00,LONG,1.8352902148398793,3.491793280939605,549.13,552.255,164.40030660997255,TP,549.0,HIGH,Micro trend up; Price above VWAP; Positive 5-bar return; High quality trading window; 0DTE FAVORABLE (volatile),FAVORABLE,1.7461492934112357,3.495288569509114,1.25,183.52902148398792,0.8957728062878368,13,30,810,2024-09-11
2024-12-18 10:00:00-05:00,2024-12-18 14:00:00-05:00,LONG,2.9321465592024105,1.24833062488824,604.87,603.84,-168.38159343141706,SL,604.0,HIGH,Micro trend up; Price above VWAP; Positive 5-bar return; High quality trading window; 0DTE FAVORABLE (volatile),FAVORABLE,,,,293.21465592024106,-0.5742604949365815,10,0,600,2024-12-18
2024-12-20 10:05:00-05:00,2024-12-20 10:40:00-05:00,LONG,4.13077088092578,7.537569490380179,582.97,588.515,340.6798609454398,TP,582.0,HIGH,Micro trend up; Price above VWAP; Positive 5-bar return; High quality trading window; 0DTE FAVORABLE (volatile); High IV (elevated volatility),FAVORABLE,,,,413.07708809257804,0.8247367640712314,10,5,605,2024-12-20
2024-12-20 10:40:00-05:00,2024-12-20 11:35:00-05:00,LONG,3.72265396258678,7.175844893267936,588.515,594.305,345.3190930681156,TP,588.0,HIGH,Micro trend up; Price above VWAP; Positive 5-bar return; High quality trading window; 0DTE FAVORABLE (volatile); High IV (elevated volatility),FAVORABLE,,,,372.265396258678,0.9276153425449244,10,40,640,2024-12-20
2024-12-20 11:35:00-05:00,2024-12-20 13:15:00-05:00,LONG,3.324858033353489,1.94818163103173,594.305,593.12,-137.66764023217593,SL,594.0,HIGH,Micro trend up; Price above VWAP; Positive 5-bar return; High quality trading window; 0DTE FAVORABLE (volatile); High IV (elevated volatility),FAVORABLE,,,,332.4858033353489,-0.41405569456246166,11,35,695,2024-12-20
2025-01-02 10:00:00-05:00,2025-01-02 10:20:00-05:00,LONG,2.7035049266839692,1.4031045796962474,590.14,587.61,-130.0400346987722,SL,590.0,HIGH,Micro trend up; Price above VWAP; Positive 5-bar return; High quality trading window; 0DTE FAVORABLE (volatile),FAVORABLE,,,,270.3504926683969,-0.4810053549940264,10,0,600,2025-01-02
2025-01-02 10:20:00-05:00,2025-01-02 12:30:00-05:00,SHORT,2.3970669011889822,4.718900976507825,587.61,583.68,232.1834075318843,TP,588.0,HIGH,Bearish trend; Price below VWAP; Negative 5-bar return; High quality trading window; 0DTE FAVORABLE (volatile),FAVORABLE,,,,239.70669011889822,0.9686146323939384,10,20,620,2025-01-02
2025-01-02 13:30:00-05:00,2025-01-02 14:15:00-05:00,SHORT,1.9352600993580416,1.117126114523046,581.08,582.37,-81.81339848349955,SL,582.0,HIGH,Bearish trend; Micro trend down; Price below VWAP; Negative 5-bar return; High quality trading window,FAVORABLE,,,,193.52600993580415,-0.42275143537883325,13,30,810,2025-01-02
2025-01-07 10:00:00-05:00,2025-01-07 12:45:00-05:00,SHORT,2.3299123257908816,4.3686368308068495,593.72,590.01,203.8724505015968,TP,594.0,HIGH,Bearish trend; Micro trend down; Price below VWAP; Negative 5-bar return; High quality trading window,FAVORABLE,,,,232.99123257908815,0.8750219836379162,10,0,600,2025-01-07
2025-01-07 13:35:00-05:00,2025-01-07 15:10:00-05:00,SHORT,1.678871822773192,3.210488924572545,591.44,588.855,151.91171017993528,TP,592.0,HIGH,Bearish trend; Price below VWAP; Negative 5-bar return; High quality trading window; 0DTE FAVORABLE (volatile),FAVORABLE,1.769002500156148,3.2072816429296154,1.25,167.8871822773192,0.9048440036893625,13,35,815,2025-01-07
2025-02-03 10:05:00-05:00,2025-02-03 10:20:00-05:00,SHORT,3.1432018128645938,1.8491208690171277,592.1,595.17,-129.40809438474662,SL,593.0,HIGH,Micro trend down; Price below VWAP; Negative 5-bar return; High quality trading window; 0DTE FAVORABLE (volatile); High IV (elevated volatility),FAVORABLE,,,,314.3201812864594,-0.4117078765197359,10,5,605,2025-02-03
2025-02-03 10:25:00-05:00,2025-02-03 15:30:00-05:00,LONG,3.239550072044743,2.847977892380732,596.405,598.745,-40.40721796640108,EOD,596.0,HIGH,Bullish trend; Micro trend up; Price above VWAP; Positive 5-bar return; High quality trading window; High IV (elevated volatility),FAVORABLE,3.082203579320435,2.850828721101834,1.25,323.9550072044743,-0.12473095666922906,10,25,625,2025-02-03
2025-02-21 10:00:00-05:00,2025-02-21 12:35:00-05:00,SHORT,2.517277860957412,4.559725194273824,608.22,604.77,204.24473333164119,TP,609.0,HIGH,Bearish trend; Micro trend down; Price below VWAP; Negative 5-bar return; High quality trading window,FAVORABLE,,,,251.7277860957412,0.811371428237801,10,0,600,2025-02-21
2025-02-21 13:30:00-05:00,2025-02-21 14:25:00-05:00,SHORT,1.8185998914741859,3.3113014257334044,602.135,599.88,149.27015342592185,TP,603.0,HIGH,Bearish trend; Micro trend down; Price below VWAP; Negative 5-bar return; High quality trading window,FAVORABLE,,,,181.8599891474186,0.8207971095001061,13,30,810,2025-02-21
2025-02-21 14:25:00-05:00,2025-02-21 15:15:00-05:00,SHORT,1.1489183084851644,0.6549015346448213,599.88,600.3,-50.651677384034315,SL,600.0,HIGH,Bearish trend; Micro trend down; Price below VWAP; Negative 5-bar return; Afternoon breakout window - boosted confidence,FAVORABLE,1.210598291433712,0.6542472873574638,1.25,114.89183084851643,-0.4408640458590826,14,25,865,2025-02-21
2025-02-27 10:00:00-05:00,2025-02-27 10:15:00-05:00,SHORT,2.500151650713653,1.4430886383340464,591.85,594.575,-105.70630123796066,SL,592.0,HIGH,Bearish trend; Micro trend down; Price below VWAP; Negative 5-bar return; High quality trading window,FAVORABLE,,,,250.0151650713653,-0.422799557809973,10,0,600,2025-02-27
2025-02-27 14:15:00-05:00,2025-02-27 14:30:00-05:00,SHORT,1.6486862330327967,3.8748619497952803,592.36,589.32,221.36757167624836,TP,593.0,HIGH,Bearish trend; Micro trend down; Price below VWAP; Negative 5-bar return; Afternoon breakout window - boosted confidence,FAVORABLE,1.737196389055157,3.870990958836444,1.25,164.86862330327966,1.3426907269616584,14,15,855,2025-02-27
2025-02-28 10:05:00-05:00,2025-02-28 12:40:00-05:00,LONG,3.5238277402317917,1.9088743687943293,586.62,585.26,-161.49533714374624,SL,586.0,HIGH,Micro trend up; Price above VWAP; Positive 5-bar return; High quality trading window; 0DTE FAVORABLE (volatile); High IV (elevated volatility),FAVORABLE,,,,352.3827740231792,-0.4582952092122509,10,5,605,2025-02-28
2025-02-28 13:55:00-05:00,2025-02-28 14:15:00-05:00,SHORT,1.7892236967955728,0.8783371761400929,583.725,585.76,-91.08865206554799,SL,584.0,HIGH,Bearish trend; Micro trend down; Price below VWAP; Negative 5-bar return; Afternoon transition (1:45-2:15) - reduced confidence; 0DTE FAVORABLE (volatile); High IV (elevated volatility),FAVORABLE,,,,178.92236967955728,-0.5090959404834849,13,55,835,2025-02-28
2025-03-03 10:00:00-05:00,2025-03-03 13:25:00-05:00,SHORT,2.769070384497621,5.0949126617151705,592.745,588.24,232.58422772175496,TP,593.0,HIGH,Bearish trend; Micro trend down; Price below VWAP; Negative 5-bar return; High quality trading window,FAVORABLE,,,,276.9070384497621,0.8399361353321164,10,0,600,2025-03-03
2025-03-03 13:30:00-05:00,2025-03-03 14:00:00-05:00,SHORT,1.8157661665270048,0.9027825417455801,587.77,589.71,-91.29836247814247,SL,588.0,HIGH,Bearish trend; Micro trend down; Price below VWAP; Negative 5-bar return; High quality trading window,FAVORABLE,,,,181.5766166527005,-0.502809029935654,13,30,810,2025-03-03
2025-03-04 10:00:00-05:00,2025-03-04 12:25:00-05:00,SHORT,3.1567052621120575,1.628660247776054,575.64,577.865,-152.80450143360036,SL,576.0,HIGH,Bearish trend; Micro trend down; Price below VWAP; Negative 5-bar return; High quality trading window; High IV (elevated volatility),FAVORABLE,,,,315.67052621120575,-0.48406325185824733,10,0,600,2025-03-04
2025-03-04 13:40:00-05:00,2025-03-04 14:20:00-05:00,LONG,2.1660434659750116,3.972243545735296,579.08,582.45,180.62000797602843,TP,579.0,HIGH,Micro trend up; Price above VWAP; Positive 5-bar return; High quality trading window; 0DTE FAVORABLE (volatile); High IV (elevated volatility),FAVORABLE,,,,216.60434659750115,0.8338706531668102,13,40,820,2025-03-04
2025-03-04 14:20:00-05:00,2025-03-04 15:30:00-05:00,LONG,2.0495881666491242,0.544330955903235,582.45,581.08,-151.77572107458892,SL,582.0,HIGH,Micro trend up; Price above VWAP; Positive 5-bar return; Afternoon breakout window - boosted confidence; 0DTE FAVORABLE (volatile); High IV (elevated volatility),FAVORABLE,1.9500386914505725,0.54487583173497,1.25,204.95881666491243,-0.7405181369812811,14,20,860,2025-03-04
2025-03-05 10:05:00-05:00,2025-03-05 10:20:00-05:00,LONG,3.9079643815644505,2.3004183753747895,578.905,576.11,-160.7546006189661,SL,578.0,HIGH,Micro trend up; Price above VWAP; Positive 5-bar return; High quality trading window; 0DTE FAVORABLE (volatile); High IV (elevated volatility),FAVORABLE,,,,390.79643815644505,-0.41135124305972365,10,5,605,2025-03-05
2025-03-05 10:20:00-05:00,2025-03-05 12:20:00-05:00,SHORT,3.351888600296059,1.9908107792791156,576.11,578.06,-136.1077821016943,SL,577.0,HIGH,Bearish trend; Micro trend down; Price below VWAP; High quality trading window; 0DTE FAVORABLE (volatile); High IV (elevated volatility),FAVORABLE,,,,335.1888600296059,-0.4060629642932419,10,20,620,2025-03-05
2025-03-06 10:00:00-05:00,2025-03-06 11:55:00-05:00,LONG,3.4966307419783016,1.955574371265243,576.265,574.55,-154.10563707130586,SL,576.0,HIGH,Micro trend up; Price above VWAP; Positive 5-bar return; High quality trading window; 0DTE FAVORABLE (volatile); High IV (elevated volatility),FAVORABLE,,,,349.66307419783016,-0.44072608302962224,10,0,600,2025-03-06
2025-03-06 13:30:00-05:00,2025-03-06 14:45:00-05:00,SHORT,2.1360195091579453,1.153487595264297,572.51,573.57,-99.50319138936483,SL,573.0,HIGH,Bearish trend; Micro trend down; Price below VWAP; High quality trading window; 0DTE FAVORABLE (volatile); High IV (elevated volatility),FAVORABLE,2.2506922808681793,1.1523352600042926,1.25,213.60195091579453,-0.4658346562976415,13,30,810,2025-03-06
2025-03-07 10:00:00-05:00,2025-03-07 10:30:00-05:00,LONG,3.981298344679756,1.7123369268737747,574.57,570.06,-226.89614178059813,SL,574.0,HIGH,Micro trend up; Price above VWAP; Positive 5-bar return; High quality trading window; 0DTE FAVORABLE (volatile); High IV (elevated volatility),FAVORABLE,,,,398.1298344679756,-0.5699048956825892,10,0,600,2025-03-07
2025-03-07 10:35:00-05:00,2025-03-07 12:40:00-05:00,SHORT,3.437860625373458,1.9996610009288531,569.19,571.14,-143.8199624444605,SL,570.0,HIGH,Bearish trend; Micro trend down; Price below VWAP; Negative 5-bar return; High quality trading window; High IV (elevated volatility),FAVORABLE,,,,343.7860625373458,-0.4183414574255383,10,35,635,2025-03-07
2025-03-11 10:00:00-04:00,2025-03-11 14:10:00-04:00,SHORT,3.5247562787267586,1.7792087965982546,556.995,557.6,-174.5547482128504,SL,557.0,HIGH,Bearish trend; Micro trend down; Price below VWAP; Negative 5-bar return; High quality trading window; High IV (elevated volatility),FAVORABLE,,,,352.47562787267583,-0.49522501531908614,10,0,600,2025-03-11
2025-03-11 14:15:00-04:00,2025-03-11 14:45:00-04:00,LONG,2.5202982111062164,4.589565351876384,557.67,561.2,205.67671407701678,TP,557.0,HIGH,Micro trend up; Price above VWAP; Positive 5-bar return; Afternoon breakout window - boosted confidence; 0DTE FAVORABLE (volatile); High IV (elevated volatility),FAVORABLE,2.3978861244528957,4.5941595113877725,1.25,252.02982111062164,0.8160808636480387,14,15,855,2025-03-11
2025-03-12 10:00:00-04:00,2025-03-12 12:30:00-04:00,SHORT,3.858240346549089,2.2656074117804508,559.07,561.04,-159.26329347686382,SL,560.0,HIGH,Bearish trend; Micro trend down; Price below VWAP; Negative 5-bar return; High quality trading window; High IV (elevated volatility),FAVORABLE,,,,385.82403465490887,-0.41278738277493027,10,0,600,2025-03-12
2025-03-12 13:30:00-04:00,2025-03-12 13:55:00-04:00,LONG,2.5438441703687,0.9708422520982083,561.1,557.985,-157.30019182704916,SL,561.0,HIGH,Micro trend up; Price above VWAP; Positive 5-bar return; High quality trading window; 0DTE FAVORABLE (volatile); High IV (elevated volatility),FAVORABLE,,,,254.38441703687,-0.6183562407608103,13,30,810,2025-03-12
2025-03-13 10:00:00-04:00,2025-03-13 13:35:00-04:00,SHORT,3.3171614368920475,6.134614138272809,555.61,550.2,281.7452701380762,TP,556.0,HIGH,Bearish trend; Micro trend down; Price below VWAP; Negative 5-bar return; High quality trading window; High IV (elevated volatility),FAVORABLE,,,,331.7161436892047,0.8493565221295114,10,0,600,2025-03-13
2025-03-13 13:35:00-04:00,2025-03-13 14:05:00-04:00,SHORT,2.3785082596516487,1.4057009305409736,550.2,552.0,-97.28073291106752,SL,551.0,HIGH,Bearish trend; Micro trend down; Price below VWAP; Negative 5-bar return; High quality trading window; High IV (elevated volatility),FAVORABLE,,,,237.85082596516486,-0.4089989282833731,13,35,815,2025-03-13
2025-03-19 10:00:00-04:00,2025-03-19 13:10:00-04:00,LONG,3.459805304713055,1.90562901981491,564.52,563.675,-155.41762848981452,SL,564.0,HIGH,Micro trend up; Price above VWAP; Positive 5-bar return; High quality trading window; 0DTE FAVORABLE (volatile); High IV (elevated volatility),FAVORABLE,,,,345.9805304713055,-0.44920917451077313,10,0,600,2025-03-19
2025-03-19 13:45:00-04:00,2025-03-19 14:05:00-04:00,SHORT,1.8143306279225164,0.9793202832956069,562.78,564.63,-83.50103446269095,SL,563.0,HIGH,Bearish trend; Micro trend down; Price below VWAP; Negative 5-bar return; Afternoon transition (1:45-2:15) - reduced confidence; 0DTE FAVORABLE (volatile); High IV (elevated volatility),FAVORABLE,,,,181.43306279225163,-0.4602305289764253,13,45,825,2025-03-19
2025-03-26 10:00:00-04:00,2025-03-26 12:50:00-04:00,SHORT,2.344925320494198,4.36790425951591,573.74,570.01,202.2978939021712,TP,574.0,HIGH,Bearish trend; Micro trend down; Price below VWAP; Negative 5-bar return; High quality trading window,FAVORABLE,,,,234.49253204941982,0.862705059876007,10,0,600,2025-03-26
2025-03-26 13:30:00-04:00,2025-03-26 15:30:00-04:00,SHORT,1.8005629407375312,1.3061712630820692,568.27,567.98,-50.6891677655462,EOD,569.0,HIGH,Bearish trend; Micro trend down; Price below VWAP; Negative 5-bar return; High quality trading window,FAVORABLE,1.897226637940605,1.3048663966853837,1.25,180.05629407375312,-0.2815184441416046,13,30,810,2025-03-26
2025-03-28 10:00:00-04:00,2025-03-28 10:25:00-04:00,SHORT,2.574217808331098,5.2729252158836175,563.68,559.535,269.870740755252,TP,564.0,HIGH,Bearish trend; Micro trend down; Price below VWAP; Negative 5-bar return; High quality trading window,FAVORABLE,,,,257.4217808331098,1.0483601654912529,10,0,600,2025-03-28
2025-03-28 10:25:00-04:00,2025-03-28 13:05:00-04:00,SHORT,2.544951839889811,4.618762807791995,559.535,555.76,207.3810967902184,TP,560.0,HIGH,Bearish trend; Micro trend down; Price below VWAP; Negative 5-bar return; High quality trading window,FAVORABLE,,,,254.49518398898113,0.8148723820219615,10,25,625,2025-03-28
2025-03-28 13:30:00-04:00,2025-03-28 14:55:00-04:00,SHORT,1.7998464595227712,0.9940981238623373,555.495,556.18,-81.8248335660434,SL,556.0,HIGH,Bearish trend; Micro trend down; Price below VWAP; Negative 5-bar return; High quality trading window,FAVORABLE,1.8964716922425282,0.9931050188434938,1.25,179.98464595227713,-0.4546211880081105,13,30,810,2025-03-28
2025-03-31 10:00:00-04:00,2025-03-31 14:15:00-04:00,LONG,3.7083569196089883,6.9081344820814365,550.54,556.77,319.9777562472448,TP,550.0,HIGH,Micro trend up; Price above VWAP; Positive 5-bar return; High quality trading window; 0DTE FAVORABLE (volatile); High IV (elevated volatility),FAVORABLE,,,,370.8356919608988,0.8628558771009116,10,0,600,2025-03-31
2025-03-31 14:15:00-04:00,2025-03-31 15:30:00-04:00,LONG,2.287441330782209,3.0352557114292584,556.77,558.91,73.53143806470494,EOD,556.0,HIGH,Micro trend up; Price above VWAP; Positive 5-bar return; Afternoon breakout window - boosted confidence; 0DTE FAVORABLE (volatile); High IV (elevated volatility),FAVORABLE,2.1763392139120015,3.038294005434693,1.25,228.7441330782209,0.32145715422375565,14,15,855,2025-03-31
2025-04-01 10:00:00-04:00,2025-04-01 10:50:00-04:00,SHORT,3.172368456596531,1.7857750814968938,556.18,559.15,-138.6593375099637,SL,557.0,HIGH,Bearish trend; Price below VWAP; Negative 5-bar return; High quality trading window; 0DTE FAVORABLE (volatile); High IV (elevated volatility),FAVORABLE,,,,317.2368456596531,-0.4370845928115301,10,0,600,2025-04-01
2025-04-01 10:50:00-04:00,2025-04-01 13:55:00-04:00,LONG,3.0262966881452926,1.7856488047252697,559.15,559.03,-124.0647883420023,SL,559.0,HIGH,Micro trend up; Price above VWAP; Positive 5-bar return; High quality trading window; 0DTE FAVORABLE (volatile); High IV (elevated volatility),FAVORABLE,,,,302.6296688145293,-0.4099558011876129,10,50,650,2025-04-01
2025-04-02 10:00:00-04:00,2025-04-02 12:45:00-04:00,LONG,3.4132660277702436,6.191033469131355,560.36,565.7,277.7767441361112,TP,560.0,HIGH,Micro trend up; Price above VWAP; Positive 5-bar return; High quality trading window; 0DTE FAVORABLE (volatile); High IV (elevated volatility),FAVORABLE,,,,341.32660277702433,0.8138151022396931,10,0,600,2025-04-02
2025-04-02 14:25:00-04:00,2025-04-02 14:35:00-04:00,SHORT,1.8440577573617911,0.914486826732423,561.25,563.275,-94.2070930629368,SL,562.0,HIGH,Micro trend down; Price below VWAP; Negative 5-bar return; Afternoon breakout window - boosted confidence; 0DTE FAVORABLE (volatile); High IV (elevated volatility),FAVORABLE,1.9430564852871726,0.913573253478944,1.25,184.40577573617912,-0.5108684513098688,14,25,865,2025-04-02
2025-04-03 10:00:00-04:00,2025-04-03 12:15:00-04:00,SHORT,3.5937431097194215,1.9802892849347131,543.28,545.635,-161.34538247847084,SL,544.0,HIGH,Bearish trend; Micro trend down; Price below VWAP; Negative 5-bar return; High quality trading window; High IV (elevated volatility),FAVORABLE,,,,359.3743109719421,-0.44896192508058197,10,0,600,2025-04-03
2025-04-03 13:55:00-04:00,2025-04-03 15:30:00-04:00,SHORT,1.9585088114095914,3.69775891136004,541.91,538.38,172.6750099950449,TP,542.0,HIGH,Bearish trend; Micro trend down; Price below VWAP; Negative 5-bar return; Afternoon transition (1:45-2:15) - reduced confidence; 0DTE FAVORABLE (volatile); High IV (elevated volatility),FAVORABLE,2.063651874410823,3.694064846513527,1.25,195.85088114095913,0.8816657295034892,13,55,835,2025-04-03
2025-04-04 10:00:00-04:00,2025-04-04 10:10:00-04:00,LONG,4.202425481986007,2.2431581682583612,522.31,518.43,-195.9267313727646,SL,522.0,HIGH,Micro trend up; Price above VWAP; Positive 5-bar return; High quality trading window; 0DTE FAVORABLE (volatile); High IV (elevated volatility),FAVORABLE,,,,420.24254819860073,-0.46622297578533717,10,0,600,2025-04-04
2025-04-04 10:20:00-04:00,2025-04-04 10:45:00-04:00,SHORT,3.549513830637568,7.658550686488184,517.76,511.44,410.9036855850615,TP,518.0,HIGH,Bearish trend; Micro trend down; Price below VWAP; Negative 5-bar return; High quality trading window; High IV (elevated volatility),FAVORABLE,,,,354.9513830637568,1.1576337075752554,10,20,620,2025-04-04
2025-04-04 10:45:00-04:00,2025-04-04 10:55:00-04:00,SHORT,3.5393084200877865,1.9239081364839592,511.44,515.56,-161.54002836038273,SL,512.0,HIGH,Bearish trend; Micro trend down; Price below VWAP; Negative 5-bar return; High quality trading window; High IV (elevated volatility),FAVORABLE,,,,353.93084200877865,-0.45641693005204675,10,45,645,2025-04-04
2025-04-04 11:25:00-04:00,2025-04-04 12:30:00-04:00,SHORT,3.3870305776106004,6.519154265821555,516.38,511.31,313.2123688210955,TP,517.0,HIGH,Bearish trend; Micro trend down; Price below VWAP; Negative 5-bar return; High quality trading window; High IV (elevated volatility),FAVORABLE,,,,338.70305776106005,0.9247403046536795,11,25,685,2025-04-04
2025-04-04 13:30:00-04:00,2025-04-04 13:45:00-04:00,SHORT,2.522296289975807,1.2608254897474183,511.47,514.435,-126.14708002283885,SL,512.0,HIGH,Bearish trend; Micro trend down; Price below VWAP; Negative 5-bar return; High quality trading window; High IV (elevated volatility),FAVORABLE,,,,252.22962899758068,-0.5001279212286707,13,30,810,2025-04-04
2025-04-04 14:15:00-04:00,2025-04-04 14:35:00-04:00,SHORT,2.2541595157458283,4.3388857711985285,510.275,507.14,207.22262554527,TP,511.0,HIGH,Bearish trend; Micro trend down; Price below VWAP; Negative 5-bar return; Afternoon breakout window - boosted confidence; High IV (elevated volatility),FAVORABLE,2.3751746649236907,4.33455121997855,1.25,225.41595157458283,0.9192899796920838,14,15,855,2025-04-04
2025-04-07 10:05:00-04:00,2025-04-07 10:10:00-04:00,LONG,7.932043895800078,20.5327092695195,494.745,513.12,1260.0665373719423,TP,494.0,HIGH,Micro trend up; Price above VWAP; Positive 5-bar return; High quality trading window; 0DTE FAVORABLE (volatile); High IV (elevated volatility),FAVORABLE,,,,793.2043895800077,1.588577362814561,10,5,605,2025-04-07
2025-04-07 10:10:00-04:00,2025-04-07 10:20:00-04:00,LONG,7.82528721631018,2.4043547510737255,513.12,499.735,-542.0932465236455,SL,513.0,HIGH,Micro trend up; Price above VWAP; Positive 5-bar return; High quality trading window; 0DTE FAVORABLE (volatile); High IV (elevated volatility),FAVORABLE,,,,782.528721631018,-0.6927454948794276,10,10,610,2025-04-07
2025-04-07 10:35:00-04:00,2025-04-07 10:50:00-04:00,SHORT,6.892893957453715,2.1642457688319467,494.06,507.88,-472.8648188621769,SL,495.0,HIGH,Bearish trend; Price below VWAP; Negative 5-bar return; High quality trading window; 0DTE FAVORABLE (volatile); High IV (elevated volatility),FAVORABLE,,,,689.2893957453715,-0.686017834861421,10,35,635,2025-04-07
2025-04-08 10:00:00-04:00,2025-04-08 10:55:00-04:00,LONG,5.922058219848495,2.955688815529328,523.06,517.86,-296.6369404319167,SL,523.0,HIGH,Micro trend up; Price above VWAP; Positive 5-bar return; High quality trading window; 0DTE FAVORABLE (volatile); High IV (elevated volatility),FAVORABLE,,,,592.2058219848495,-0.5009017632378251,10,0,600,2025-04-08
2025-04-08 10:55:00-04:00,2025-04-08 12:35:00-04:00,SHORT,4.842715339092525,9.789405317690807,517.86,509.33,494.66899785982827,TP,518.0,HIGH,Bearish trend; Micro trend down; Price below VWAP; Negative 5-bar return; High quality trading window; High IV (elevated volatility),FAVORABLE,,,,484.27153390925247,1.0214703182461353,10,55,655,2025-04-08
2025-04-08 13:30:00-04:00,2025-04-08 13:40:00-04:00,SHORT,3.614692611248499,1.4803746861771572,502.27,507.78,-213.4317925071342,SL,503.0,HIGH,Bearish trend; Micro trend down; Price below VWAP; Negative 5-bar return; High quality trading window; High IV (elevated volatility),FAVORABLE,,,,361.46926112484994,-0.5904562723894128,13,30,810,2025-04-08
2025-04-08 14:10:00-04:00,2025-04-08 15:05:00-04:00,SHORT,2.967170308236313,6.619110906615822,503.65,497.66,363.9440598379509,TP,504.0,HIGH,Bearish trend; Micro trend down; Price below VWAP; Negative 5-bar return; Afternoon transition (1:45-2:15) - reduced confidence; 0DTE FAVORABLE (volatile); High IV (elevated volatility),FAVORABLE,3.126463630194735,6.612498408207614,1.25,296.71703082363126,1.2265694989859863,14,10,850,2025-04-08
2025-04-09 10:00:00-04:00,2025-04-09 10:45:00-04:00,LONG,6.775756600716496,3.9537576355579347,501.465,496.9,-282.19989651585615,SL,501.0,HIGH,Micro trend up; Price above VWAP; Positive 5-bar return; High quality trading window; 0DTE FAVORABLE (volatile); High IV (elevated volatility),FAVORABLE,,,,677.5756600716496,-0.41648470148118244,10,0,600,2025-04-09
2025-04-09 10:45:00-04:00,2025-04-09 12:35:00-04:00,SHORT,5.443302278414393,3.2224525247021063,496.9,500.11,-222.08497537122867,SL,497.0,HIGH,Bearish trend; Price below VWAP; Negative 5-bar return; High quality trading window; 0DTE FAVORABLE (volatile); High IV (elevated volatility),FAVORABLE,,,,544.3302278414393,-0.40799677109962174,10,45,645,2025-04-09
2025-04-10 10:05:00-04:00,2025-04-10 11:35:00-04:00,SHORT,4.246479795286951,8.13269162434699,528.7,522.08,388.62118290600387,TP,529.0,HIGH,Bearish trend; Micro trend down; Price below VWAP; Negative 5-bar return; High quality trading window; High IV (elevated volatility),FAVORABLE,,,,424.6479795286951,0.9151607958604292,10,5,605,2025-04-10
2025-04-10 11:35:00-04:00,2025-04-10 12:00:00-04:00,SHORT,3.9591593987591787,7.593243246365148,522.08,516.57,363.40838476059696,TP,523.0,HIGH,Bearish trend; Micro trend down; Price below VWAP; Negative 5-bar return; High quality trading window; High IV (elevated volatility),FAVORABLE,,,,395.91593987591784,0.91789278520711,11,35,695,2025-04-10
2025-04-10 13:30:00-04:00,2025-04-10 13:40:00-04:00,SHORT,3.0613698320367155,1.6371453368046218,519.13,522.46,-142.42244952320937,SL,520.0,HIGH,Bearish trend; Micro trend down; Price below VWAP; High quality trading window; 0DTE FAVORABLE (volatile); High IV (elevated volatility),FAVORABLE,,,,306.13698320367155,-0.46522458029337915,13,30,810,2025-04-10
2025-04-10 14:20:00-04:00,2025-04-10 14:50:00-04:00,LONG,2.7207663018666697,1.35300468765263,526.52,524.705,-138.02616142140397,SL,526.0,HIGH,Micro trend up; Price above VWAP; Positive 5-bar return; Afternoon breakout window - boosted confidence; 0DTE FAVORABLE (volatile); High IV (elevated volatility),FAVORABLE,2.5886173843933875,1.3543590466993294,1.25,272.076630186667,-0.5073062001933303,14,20,860,2025-04-10
2025-04-11 10:15:00-04:00,2025-04-11 12:05:00-04:00,SHORT,5.008164220890307,2.803962516211442,523.47,527.07,-220.4201704678865,SL,524.0,HIGH,Bearish trend; Micro trend down; Price below VWAP; Negative 5-bar return; High quality trading window; High IV (elevated volatility),FAVORABLE,,,,500.81642208903065,-0.4401216907953194,10,15,615,2025-04-11
2025-04-11 13:35:00-04:00,2025-04-11 14:55:00-04:00,LONG,3.909361018532415,2.3190682236636153,532.72,532.17,-160.27927948687994,SL,532.0,HIGH,Micro trend up; Price above VWAP; Positive 5-bar return; High quality trading window; 0DTE FAVORABLE (volatile); High IV (elevated volatility),FAVORABLE,3.7194814885423284,2.3213896132768923,1.25,390.9361018532415,-0.409988432194091,13,35,815,2025-04-11
2025-04-14 10:10:00-04:00,2025-04-14 14:40:00-04:00,SHORT,4.429124330888915,2.585849428481411,541.55,541.15,-185.57749024075042,SL,542.0,HIGH,Bearish trend; Micro trend down; Price below VWAP; High quality trading window; 0DTE FAVORABLE (volatile); High IV (elevated volatility),FAVORABLE,4.6669030408186245,2.5832661623190916,1.25,442.91243308889153,-0.41899363480615015,10,10,610,2025-04-14
2025-04-16 11:20:00-04:00,2025-04-16 11:55:00-04:00,LONG,4.246921301243986,2.5041898541979606,534.44,531.66,-174.27314470460252,SL,534.0,HIGH,Micro trend up; Price above VWAP; Positive 5-bar return; High quality trading window; 0DTE FAVORABLE (volatile); High IV (elevated volatility),FAVORABLE,,,,424.69213012439855,-0.41035171679200966,11,20,680,2025-04-16
2025-04-16 13:30:00-04:00,2025-04-16 13:55:00-04:00,SHORT,2.7490729482181337,5.662201400909453,528.655,524.08,291.3128452691319,TP,529.0,HIGH,Bearish trend; Micro trend down; Price below VWAP; Negative 5-bar return; High quality trading window; High IV (elevated volatility),FAVORABLE,,,,274.90729482181337,1.059676664666,13,30,810,2025-04-16
2025-04-16 13:55:00-04:00,2025-04-16 14:20:00-04:00,SHORT,2.8005922089010644,1.6482269346509213,524.08,526.24,-115.23652742501432,SL,525.0,HIGH,Bearish trend; Micro trend down; Price below VWAP; Negative 5-bar return; Afternoon transition (1:45-2:15) - reduced confidence; 0DTE FAVORABLE (volatile); High IV (elevated volatility),FAVORABLE,,,,280.0592208901064,-0.4114719988820952,13,55,835,2025-04-16
2025-04-21 10:00:00-04:00,2025-04-21 11:55:00-04:00,SHORT,3.9429792795325462,7.12853203190673,516.78,511.0,318.55527523741836,TP,517.0,HIGH,Bearish trend; Micro trend down; Price below VWAP; Negative 5-bar return; High quality trading window; High IV (elevated volatility),FAVORABLE,,,,394.2979279532546,0.8079050196662058,10,0,600,2025-04-21
2025-04-21 13:30:00-04:00,2025-04-21 15:15:00-04:00,SHORT,2.9313570756893292,1.6876536123502048,510.05,510.5,-125.62034633391244,SL,511.0,HIGH,Bearish trend; Micro trend down; Price below VWAP; High quality trading window; 0DTE FAVORABLE (volatile); High IV (elevated volatility),FAVORABLE,3.0887277547961958,1.6859676447054994,1.25,293.1357075689329,-0.4285398983826354,13,30,810,2025-04-21
2025-04-22 10:00:00-04:00,2025-04-22 13:45:00-04:00,LONG,4.548463180879984,2.538018635055323,522.34,522.01,-201.04445458246607,SL,522.0,HIGH,Micro trend up; Price above VWAP; Positive 5-bar return; High quality trading window; 0DTE FAVORABLE (volatile); High IV (elevated volatility),FAVORABLE,,,,454.8463180879984,-0.4420052369063485,10,0,600,2025-04-22
2025-04-22 13:45:00-04:00,2025-04-22 14:10:00-04:00,SHORT,2.8727655685313715,1.6287801993488245,522.01,524.42,-124.3985369182547,SL,523.0,HIGH,Bearish trend; Micro trend down; Price below VWAP; Negative 5-bar return; Afternoon transition (1:45-2:15) - reduced confidence; 0DTE FAVORABLE (volatile); High IV (elevated volatility),FAVORABLE,,,,287.27655685313715,-0.4330271090719397,13,45,825,2025-04-22
2025-04-23 10:00:00-04:00,2025-04-23 11:15:00-04:00,LONG,4.230925979608488,2.481201370855473,543.41,541.025,-174.97246087530146,SL,543.0,HIGH,Micro trend up; Price above VWAP; Positive 5-bar return; High quality trading window; 0DTE FAVORABLE (volatile); High IV (elevated volatility),FAVORABLE,,,,423.09259796084876,-0.41355594902535425,10,0,600,2025-04-23
2025-04-23 11:20:00-04:00,2025-04-23 12:15:00-04:00,SHORT,3.127960795804441,6.298695690853776,539.95,534.68,317.07348950493355,TP,540.0,HIGH,Bearish trend; Micro trend down; Price below VWAP; Negative 5-bar return; High quality trading window; High IV (elevated volatility),FAVORABLE,,,,312.7960795804441,1.0136747555475336,11,20,680,2025-04-23
2025-04-23 13:30:00-04:00,2025-04-23 15:30:00-04:00,SHORT,2.5181850641366803,2.962761169340518,537.49,535.25,43.207610520383774,EOD,538.0,HIGH,Bearish trend; Price below VWAP; Negative 5-bar return; High quality trading window; 0DTE FAVORABLE (volatile); High IV (elevated volatility),FAVORABLE,2.6533744946385127,2.9598013679725454,1.25,251.81850641366802,0.17158234768260297,13,30,810,2025-04-23
2025-04-24 10:00:00-04:00,2025-04-24 15:30:00-04:00,LONG,4.355036261722716,6.290664532474102,539.7,545.28,192.3128270751386,EOD,539.0,HIGH,Micro trend up; Price above VWAP; Positive 5-bar return; High quality trading window; 0DTE FAVORABLE (volatile); High IV (elevated volatility),FAVORABLE,4.143510072520542,6.29696149396807,1.25,435.50362617227154,0.4415872004681442,10,0,600,2025-04-24
2025-04-28 10:05:00-04:00,2025-04-28 12:05:00-04:00,SHORT,3.207040418658035,5.776992965100817,550.955,546.165,256.9952546442782,TP,551.0,HIGH,Micro trend down; Price below VWAP; Negative 5-bar return; High quality trading window; 0DTE FAVORABLE (volatile); High IV (elevated volatility),FAVORABLE,,,,320.7040418658035,0.8013471022975637,10,5,605,2025-04-28
2025-04-28 13:30:00-04:00,2025-04-28 13:55:00-04:00,SHORT,2.2702731563786642,1.259283945377149,545.57,547.69,-101.09892110015153,SL,546.0,HIGH,Micro trend down; Price below VWAP; Negative 5-bar return; High quality trading window; 0DTE FAVORABLE (volatile); High IV (elevated volatility),FAVORABLE,,,,227.02731563786642,-0.44531611016101447,13,30,810,2025-04-28
2025-04-30 10:00:00-04:00,2025-04-30 10:25:00-04:00,SHORT,3.001308277811317,1.6873799136442642,542.97,546.3,-131.39283641670528,SL,543.0,HIGH,Micro trend down; Price below VWAP; Negative 5-bar return; High quality trading window; 0DTE FAVORABLE (volatile); High IV (elevated volatility),FAVORABLE,,,,300.1308277811317,-0.4377852064984227,10,0,600,2025-04-30
2025-04-30 10:40:00-04:00,2025-04-30 15:30:00-04:00,LONG,3.748225231944874,3.7449549982747747,546.94,549.685,-1.5770233670099376,EOD,546.0,HIGH,Micro trend up; Price above VWAP; Positive 5-bar return; High quality trading window; 0DTE FAVORABLE (volatile); High IV (elevated volatility),FAVORABLE,3.566172143993981,3.7487037019767513,1.25,374.8225231944874,-0.004207386881581963,10,40,640,2025-04-30
2025-05-08 10:05:00-04:00,2025-05-08 11:20:00-04:00,SHORT,3.098126119960879,1.838793754315276,563.56,565.99,-125.93323656456033,SL,564.0,HIGH,Micro trend down; Price below VWAP; Negative 5-bar return; High quality trading window; 0DTE FAVORABLE (volatile); High IV (elevated volatility),FAVORABLE,,,,309.8126119960879,-0.40648195615145105,10,5,605,2025-05-08
2025-05-08 11:30:00-04:00,2025-05-08 15:30:00-04:00,LONG,3.2656726876064535,2.7933141336252536,566.7,568.655,-48.48585539811999,EOD,566.0,HIGH,Bullish trend; Micro trend up; Price above VWAP; Positive 5-bar return; High quality trading window; High IV (elevated volatility),FAVORABLE,3.1070574069801182,2.7961102438691228,1.25,326.56726876064533,-0.14847126468653316,11,30,690,2025-05-08
2025-05-21 10:00:00-04:00,2025-05-21 13:15:00-04:00,LONG,3.1533432065510296,1.0672024829979705,590.53,588.21,-208.61407235530592,SL,590.0,HIGH,Bullish trend; Micro trend up; Price above VWAP; Positive 5-bar return; High quality trading window,FAVORABLE,,,,315.33432065510294,-0.6615647542643405,10,0,600,2025-05-21
2025-05-21 13:30:00-04:00,2025-05-21 13:35:00-04:00,SHORT,1.6219911993649783,0.9522326480921777,585.97,587.72,-66.97585512728006,SL,586.0,HIGH,Micro trend down; Price below VWAP; Negative 5-bar return; High quality trading window; 0DTE FAVORABLE (volatile),FAVORABLE,,,,162.19911993649782,-0.41292366539042635,13,30,810,2025-05-21
2025-10-10 10:00:00-04:00,2025-10-10 11:00:00-04:00,SHORT,2.6910207097450884,7.168012549610921,672.54,666.14,447.6991839865833,TP,673.0,HIGH,Bearish trend; Price below VWAP; Negative 5-bar return; High quality trading window; 0DTE FAVORABLE (volatile),FAVORABLE,,,,269.1020709745088,1.663677958201193,10,0,600,2025-10-10
2025-10-10 11:05:00-04:00,2025-10-10 11:25:00-04:00,SHORT,2.355683449664056,4.394672412729108,665.71,662.5,203.89889630650515,TP,666.0,HIGH,Bearish trend; Micro trend down; Price below VWAP; Negative 5-bar return; High quality trading window,FAVORABLE,,,,235.56834496640562,0.8655615266795849,11,5,665,2025-10-10
2025-10-10 11:25:00-04:00,2025-10-10 13:00:00-04:00,SHORT,2.37476202630743,4.99392118685887,662.5,658.34,261.915916055144,TP,663.0,HIGH,Bearish trend; Micro trend down; Price below VWAP; Negative 5-bar return; High quality trading window,FAVORABLE,,,,237.47620263074302,1.102914368486862,11,25,685,2025-10-10
2025-10-10 13:30:00-04:00,2025-10-10 14:50:00-04:00,SHORT,1.9551418786792352,4.202899391527127,660.25,656.88,223.52575128478912,TP,661.0,HIGH,Bearish trend; Micro trend down; Price below VWAP; High quality trading window; 0DTE FAVORABLE (volatile),FAVORABLE,2.060104187007255,4.19870069083629,1.25,195.5141878679235,1.1432712567938466,13,30,810,2025-10-10
2025-10-14 10:00:00-04:00,2025-10-14 12:25:00-04:00,LONG,3.9190242621358307,7.202468037246149,657.52,663.59,328.34437751103184,TP,657.0,HIGH,Micro trend up; Price above VWAP; Positive 5-bar return; High quality trading window; 0DTE FAVORABLE (volatile); High IV (elevated volatility),FAVORABLE,,,,391.90242621358306,0.8378217524279559,10,0,600,2025-10-14
2025-10-14 13:40:00-04:00,2025-10-14 15:05:00-04:00,LONG,2.388538145666783,1.2943895585429062,665.2,664.88,-110.6648587123877,SL,665.0,HIGH,Micro trend up; Price above VWAP; Positive 5-bar return; High quality trading window; 0DTE FAVORABLE (volatile); High IV (elevated volatility),FAVORABLE,2.2725257082601047,1.2956852437866928,1.25,238.85381456667832,-0.4633162711391178,13,40,820,2025-10-14
2025-10-15 11:35:00-04:00,2025-10-15 13:05:00-04:00,SHORT,2.9027334239508256,5.7175086959499595,666.35,661.77,281.47752719991337,TP,667.0,HIGH,Bearish trend; Micro trend down; Price below VWAP; Negative 5-bar return; High quality trading window; High IV (elevated volatility),FAVORABLE,,,,290.2733423950826,0.969698164073236,11,35,695,2025-10-15
2025-10-15 13:35:00-04:00,2025-10-15 13:55:00-04:00,SHORT,2.2721566265419146,1.292283471009739,662.27,664.31,-97.98731555321756,SL,663.0,HIGH,Bearish trend; Micro trend down; Price below VWAP; High quality trading window; 0DTE FAVORABLE (volatile); High IV (elevated volatility),FAVORABLE,,,,227.21566265419148,-0.43125246916779825,13,35,815,2025-10-15
2025-10-16 11:40:00-04:00,2025-10-16 12:30:00-04:00,SHORT,3.0527975983085818,6.557274893600493,665.12,659.95,350.4477295291911,TP,666.0,HIGH,Bearish trend; Micro trend down; Price below VWAP; Negative 5-bar return; High quality trading window; High IV (elevated volatility),FAVORABLE,,,,305.27975983085815,1.1479559919837414,11,40,700,2025-10-16
2025-10-16 13:30:00-04:00,2025-10-16 14:05:00-04:00,SHORT,2.3946483860836376,4.7350788075277706,663.19,659.675,234.0430421444133,TP,664.0,HIGH,Bearish trend; Micro trend down; Price below VWAP; High quality trading window; 0DTE FAVORABLE (volatile); High IV (elevated volatility),FAVORABLE,,,,239.46483860836375,0.9773586949321709,13,30,810,2025-10-16
2025-10-16 14:05:00-04:00,2025-10-16 14:55:00-04:00,SHORT,1.8921611089451376,1.1142124656406294,659.675,660.57,-79.04486433045082,SL,660.0,HIGH,Bearish trend; Micro trend down; Price below VWAP; Negative 5-bar return; Afternoon transition (1:45-2:15) - reduced confidence; 0DTE FAVORABLE (volatile); High IV (elevated volatility),FAVORABLE,1.9937422780097336,1.113099366274355,1.25,189.21611089451375,-0.4177491227188239,14,5,845,2025-10-16
2025-11-06 10:00:00-05:00,2025-11-06 14:10:00-05:00,SHORT,2.9526122393848193,1.7229730306642068,672.635,672.82,-122.96392087206125,SL,673.0,HIGH,Bearish trend; Micro trend down; Price below VWAP; Negative 5-bar return; High quality trading window,FAVORABLE,,,,295.2612239384819,-0.4164580747578319,10,0,600,2025-11-06
2025-11-07 11:15:00-05:00,2025-11-07 13:20:00-05:00,SHORT,2.972757133528267,1.5473441948086588,663.24,665.14,-142.54129387196085,SL,664.0,HIGH,Bearish trend; Micro trend down; Price below VWAP; Negative 5-bar return; High quality trading window,FAVORABLE,,,,297.2757133528267,-0.47949189075793525,11,15,675,2025-11-07
2025-11-07 13:35:00-05:00,2025-11-07 14:50:00-05:00,LONG,2.6742747847037975,4.847046971701855,665.98,669.69,216.02721869980573,TP,665.0,HIGH,Micro trend up; Price above VWAP; Positive 5-bar return; High quality trading window; 0DTE FAVORABLE (volatile),FAVORABLE,2.5443839824021666,4.851898870572427,1.25,267.42747847037975,0.8077973884188303,13,35,815,2025-11-07
2025-11-13 10:40:00-05:00,2025-11-13 13:25:00-05:00,SHORT,2.89836428135142,5.4905664167743,677.25,672.79,259.220213542288,TP,678.0,HIGH,Bearish trend; Micro trend down; Price below VWAP; Negative 5-bar return; High quality trading window,FAVORABLE,,,,289.836428135142,0.8943672650472404,10,40,640,2025-11-13
2025-11-13 13:30:00-05:00,2025-11-13 15:30:00-05:00,SHORT,1.9965264022613807,1.394652044071095,672.46,672.03,-61.437435819028565,EOD,673.0,HIGH,Bearish trend; Micro trend down; Price below VWAP; Negative 5-bar return; High quality trading window,FAVORABLE,2.103710449672178,1.3932587852858092,1.25,199.65264022613806,-0.3077216296736221,13,30,810,2025-11-13
2025-11-14 10:05:00-05:00,2025-11-14 11:25:00-05:00,LONG,3.870614860916447,7.307544531204712,668.41,674.4,343.69296702882656,TP,668.0,HIGH,Micro trend up; Price above VWAP; Positive 5-bar return; High quality trading window; 0DTE FAVORABLE (volatile); High IV (elevated volatility),FAVORABLE,,,,387.06148609164467,0.8879544449107247,10,5,605,2025-11-14
2025-11-14 11:25:00-05:00,2025-11-14 13:00:00-05:00,LONG,3.450744570021991,1.8505400228225426,674.4,672.63,-160.02045471994487,SL,674.0,HIGH,Micro trend up; Price above VWAP; Positive 5-bar return; High quality trading window; 0DTE FAVORABLE (volatile); High IV (elevated volatility),FAVORABLE,,,,345.0744570021991,-0.46372732456092824,11,25,685,2025-11-14
2025-11-17 10:00:00-05:00,2025-11-17 14:00:00-05:00,SHORT,3.1483060163546237,5.9858777756267045,671.61,666.205,283.7571759272081,TP,672.0,HIGH,Bearish trend; Price below VWAP; Negative 5-bar return; High quality trading window; 0DTE FAVORABLE (volatile),FAVORABLE,,,,314.83060163546236,0.9013011265523874,10,0,600,2025-11-17
2025-11-17 14:00:00-05:00,2025-11-17 14:55:00-05:00,SHORT,2.1104026015051827,4.363324044970713,666.205,662.79,224.04214434655302,TP,667.0,HIGH,Bearish trend; Micro trend down; Price below VWAP; Negative 5-bar return; Afternoon transition (1:45-2:15) - reduced confidence; 0DTE FAVORABLE (volatile),FAVORABLE,2.2237001227597943,4.358965079890822,1.25,211.04026015051826,1.061608548941143,14,0,840,2025-11-17
2025-11-20 10:35:00-05:00,2025-11-20 11:00:00-05:00,LONG,3.5972291975534625,1.721508240976533,675.3,671.64,-187.57209565769296,SL,675.0,HIGH,Micro trend up; Price above VWAP; Positive 5-bar return; High quality trading window; 0DTE FAVORABLE (volatile); High IV (elevated volatility),FAVORABLE,,,,359.72291975534625,-0.5214349304883436,10,35,635,2025-11-20
2025-11-20 11:10:00-05:00,2025-11-20 11:35:00-05:00,SHORT,2.854083333328305,5.391463317823025,669.93,665.8,253.73799844947195,TP,670.0,HIGH,Bearish trend; Micro trend down; Price below VWAP; Negative 5-bar return; High quality trading window; High IV (elevated volatility),FAVORABLE,,,,285.4083333328305,0.8890350028903115,11,10,670,2025-11-20
2025-11-20 11:35:00-05:00,2025-11-20 11:55:00-05:00,SHORT,2.7772277800652896,6.538137455417086,665.8,660.16,376.09096753517963,TP,666.0,HIGH,Bearish trend; Micro trend down; Price below VWAP; Negative 5-bar return; High quality trading window; High IV (elevated volatility),FAVORABLE,,,,277.722778006529,1.3541956127427839,11,35,695,2025-11-20
2025-11-20 13:30:00-05:00,2025-11-20 13:45:00-05:00,SHORT,2.1237296643382426,4.120702132408553,658.75,655.61,199.69724680703104,TP,659.0,HIGH,Bearish trend; Micro trend down; Price below VWAP; Negative 5-bar return; High quality trading window; High IV (elevated volatility),FAVORABLE,,,,212.37296643382427,0.9403138740318768,13,30,810,2025-11-20
2025-11-20 13:45:00-05:00,2025-11-20 14:25:00-05:00,SHORT,2.0826251276627725,1.2373803487616897,655.61,656.975,-84.52447789010829,SL,656.0,HIGH,Bearish trend; Micro trend down; Price below VWAP; Negative 5-bar return; Afternoon transition (1:45-2:15) - reduced confidence; 0DTE FAVORABLE (volatile); High IV (elevated volatility),FAVORABLE,,,,208.26251276627724,-0.40585545985880783,13,45,825,2025-11-20
2025-11-21 10:15:00-05:00,2025-11-21 11:40:00-05:00,SHORT,4.147829009321887,2.4118917712037273,654.21,657.36,-173.59372381181598,SL,655.0,HIGH,Bearish trend; Micro trend down; Price below VWAP; Negative 5-bar return; High quality trading window; High IV (elevated volatility),FAVORABLE,,,,414.7829009321887,-0.41851706861994337,10,15,615,2025-11-21
2025-11-21 11:40:00-05:00,2025-11-21 14:05:00-05:00,LONG,3.9154427372274667,7.100320279950552,657.36,663.7,318.4877542723085,TP,657.0,HIGH,Micro trend up; Price above VWAP; Positive 5-bar return; High quality trading window; 0DTE FAVORABLE (volatile); High IV (elevated volatility),FAVORABLE,,,,391.54427372274665,0.8134144096762614,11,40,700,2025-11-21
2025-11-21 14:15:00-05:00,2025-11-21 14:45:00-05:00,LONG,2.765547294380589,1.6431172410108386,663.7,662.45,-113.49300533697505,SL,663.0,HIGH,Micro trend up; Price above VWAP; Positive 5-bar return; Afternoon breakout window - boosted confidence; 0DTE FAVORABLE (volatile); High IV (elevated volatility),FAVORABLE,2.6312233427340175,1.6447620030138523,1.25,276.55472943805887,-0.41038171926253225,14,15,855,2025-11-21
2025-11-25 10:30:00-05:00,2025-11-25 15:30:00-05:00,LONG,3.7286117198635154,6.147194251193474,669.61,675.14,240.60825313299586,EOD,669.0,HIGH,Bullish trend; Price above VWAP; Positive 5-bar return; High quality trading window; 0DTE FAVORABLE (volatile); High IV (elevated volatility),FAVORABLE,3.5475112695528424,6.153347598792266,1.25,372.86117198635156,0.6453025179618413,10,30,630,2025-11-25
